cluster,n_customers,share,median_ACTUAL_CLTV,mean_ACTUAL_CLTV,median_CURRENT_YEAR_FAP,mean_CURRENT_YEAR_FAP,median_FUTURE_LIFETIME_VALUE,mean_FUTURE_LIFETIME_VALUE,median_ACTUAL_LIFETIME_DURATION,mean_ACTUAL_LIFETIME_DURATION,median_NUM_CROSS_SOLD_LY,mean_NUM_CROSS_SOLD_LY,median_CLM_OVER_PROFIT_HITCOUNT,mean_CLM_OVER_PROFIT_HITCOUNT,mode_CUSTOMER_SEGMENT,mode_CUSTOMER_PORTFOLIO,mode_ACTIVE_CUSTOMER,mean_CURRENT_GWP,mean_LAST_YEAR_GWP,mean_GEP_FIN_FULL,mean_GEC_FIN_FULL,mean_CLM_INC_FULL,mean_WEIGHTED_PLAN_LOSS_RATIO,mean_ACTUAL_LOSS_RATIO,mean_EXPECTED_LIFETIME_VALUE,mean_TOTAL_SCORE,mean_INSP_FLAG,product_index
-1,111257,0.6712297361705208,4380.39,16274.600277116828,5756.5650000000005,28071.453601477788,3139.728953327437,36050.26795470427,4.0,6.026919377601193,1.0,0.651069146211025,0.0,0.22307809845672633,F,MID,Y,18403.726829710777,20587.494404808127,58354.94034706389,7096.603608774787,90944.9014821713,0.4254285545648101,2100917026643.2139,36881.57585631046,24.276881454650045,,1.362464485690776
7,11502,0.0693932464962504,1155.29,2522.3833023134457,,,,,3.9,4.45378326665507,0.0,0.0,1.0,1.0,F,MID,N,,-27.975756351039248,23304.447137889063,3233.4570170405145,17465.131524081957,0.6272975832312917,2083.9773663671676,2522.3833023134457,18.408102938619372,,0.0
43,3589,0.02165296136976549,202.28,1416.7806213429924,419.37,417.8992309835608,197.23125,202.78088440586825,3.8,5.780523822791864,1.0,1.0075229869044302,0.0,0.032042351629980495,E,MID,Y,396.8263680054926,443.4417652892561,3660.46026203734,681.7614543072388,8890.433350515144,0.07014098292199386,0.04593535315178511,1619.5615057488608,23.59933129005294,,2.1084001540589883
6,2245,0.013544413005049744,-2456.24,-3688.95123830735,,,,,4.0,4.886369710467707,0.0,0.0,2.0,2.0,F,MID,N,,-169.21681188118816,35942.187429844096,4617.266195991091,34975.75219153451,0.6479248898375035,27.78942509354655,-3688.95123830735,15.995100222717149,,0.0
92,1525,0.009200547809666306,2347.18,2364.0759474412175,,,,,2.0,2.0,0.0,0.0,0.0,0.0,F,MID,N,,-147.00505494505495,3304.1269017980635,720.3002904564316,2472.082270531346,0.28172563586379573,0.005699997982780327,1120.8045311475412,18.948196721311476,,0.0
111,1375,0.008295575893961423,0.0,0.017076363636363633,,,,,1.0,1.0,0.0,0.0,0.0,0.0,F,MID,N,,-1060.7583333333334,-0.018767843726521818,-0.037205108940646034,0.0,0.11084150702752665,0.0,0.017076363636363633,17.106181818181817,,0.0
100,1314,0.007927553981574771,2303.08,2303.594,,,,,1.0,1.0,0.0,0.0,0.0,0.0,F,MID,N,,236.69636363636363,3013.683222222223,642.6703333333334,6411.033796791443,0.04118559810159628,0.0007628418879597028,157.7804109589041,17.136986301369863,,0.0
56,1289,0.007776725328957291,280.74,496.28178432893714,,,,,6.0,6.005042668735454,0.0,0.0,0.0,0.0,F,MID,N,,-20.865839999999995,1336.725093603744,295.27457878315136,981.5112903225807,0.26004661296904286,0.0034437597168827964,496.28178432893714,20.638479441427464,,0.0
29,1164,0.007022582065869889,251.625,1829.0014432989692,433.255,433.0046907216495,0.0,0.0,4.0,5.624226804123712,0.0,0.009450171821305841,0.0,0.07560137457044673,F,MID,N,-15.742253521126758,547.2320091743119,4906.823428571429,840.7634107142858,12784.280317459647,0.1933343547876632,0.1479935881404281,1829.0014432989692,21.538659793814432,,0.019775969365367074
80,953,0.005749588237778354,0.0,0.0332738719832109,,,,,0.0,0.0,0.0,0.0,0.0,0.0,F,MID,N,,-976.7834285714287,0.2350782190132386,0.00436823104693133,0.0,0.10495325686210516,0.0,0.0332738719832109,17.18467995802728,,0.0
54,934,0.0056349584617890695,192.95,398.93460385438976,,,,,7.0,6.999571734475375,0.0,0.0,0.0,0.0,F,MID,N,,-42.957625,1312.7628387096775,256.6891827956989,99.38644444444444,0.20214094033342164,0.0034946761006522044,398.93460385438976,20.635974304068522,,0.0
50,912,0.005502229247485686,148.565,305.08108552631575,,,,,9.0,8.967434210526315,0.0,0.0,0.0,0.0,F,MID,N,-147.835,-34.721774193548384,1095.0069383259913,213.19437224669605,145.57095238095238,0.20175347681580091,6.602804763000994,305.08108552631575,21.43640350877193,,0.0
46,875,0.0052790028416118155,2270.495,2214.4783333333335,,,,,0.0,0.004342857142857142,0.0,0.0,0.0,0.0,F,MID,N,,0.0,4063.336666666666,746.0775,0.0,0.007358768041034363,0.0,30.369988571428575,17.027428571428572,,0.0
27,788,0.004754119130502984,8512.515,19780.74692893401,0.0,0.8160786802030456,0.0,0.769506451063605,4.0,5.310532994923857,0.0,0.1319796954314721,0.0,0.2068527918781726,F,MID,N,2182.8606779661013,10197.233505291004,38000.53530638853,5485.220299869621,45117.78150212983,0.49240737871458146,99.02688745901423,19781.516435385074,22.178934010152282,,0.2761882495955096
52,747,0.004506760140210316,157.06,268.167202141901,,,,,8.0,7.998125836680054,0.0,0.0,0.0,0.0,F,MID,N,,-132.22620689655173,1052.0181190798376,217.73810554803788,281.7568,0.18623472900936772,0.0024574846721436257,268.167202141901,21.449799196787147,,0.0
48,742,0.00447659440968682,174.28,295.936846361186,,,,,10.0,9.964150943396225,0.0,0.0,0.0,0.0,E,MID,N,,-153.96388888888887,1068.0289986468204,225.29948579161027,102.96565217391304,0.18672241938893036,0.0026831263841929297,295.936846361186,22.37735849056604,,0.0
96,645,0.0038913792375309952,0.0,0.007984496124031012,,,,,2.0,2.0,0.0,0.0,0.0,0.0,F,MID,N,,0.0,0.6529458598726117,0.4578662420382166,3735.818235294118,0.061998799110564516,0.0,0.007984496124031012,18.133333333333333,,0.0
71,574,0.0034630258640973507,2299.44,2308.017469879518,,,,,3.0,3.0,0.0,0.0,0.0,0.0,F,MID,N,,0.0,3442.544819277108,798.5491566265059,3769.9384693877546,0.0808193595367922,0.0011776837378663794,333.73771777003486,18.28919860627178,,0.0
85,560,0.003378561818631562,87.87,87.41305357142856,,,,,3.0,3.0,0.0,0.0,0.0,0.0,F,MID,N,,-104.28200000000001,567.4657142857143,110.46435714285712,20.9525,0.0877255609613506,0.001680635396710434,87.41305357142856,20.0,,0.0
45,512,0.0030889708056059994,289.79,424.51734375,,,,,11.0,11.00078125,0.0,0.0,0.0,0.0,E,MID,N,,-74.79625,1351.4683300589393,305.8164047151277,159.56478260869562,0.25982690124962704,0.005430712363078807,424.51734375,22.74609375,,0.0
61,460,0.00277524720816164,7771.015,7805.447869565218,,,,,3.0,3.0002173913043477,0.0,0.0,0.0,0.0,F,MID,N,,94.804,10315.071913043479,1963.3509130434784,868.96225,0.6101744416342159,0.027794606460305207,7805.447869565218,22.0,,0.0
16,447,0.00269681630880055,1009.99,1963.0078523489935,1300.0,1294.881879194631,542.3568075475849,554.2010527307027,1.9,4.882774049217002,1.0,1.0246085011185682,0.0,0.026845637583892617,F,MID,Y,1231.261893939394,1316.669111111111,4840.599835616437,805.5411232876712,10447.314782608395,0.32269571706801214,0.04346802724980963,2517.2089050796963,23.263982102908276,,2.144154277061129
11,441,0.002660617432172355,5200.12,6370.396712018141,4849.0,4837.802403628118,0.0,0.0,3.0,4.498639455782313,0.0,0.13378684807256236,0.0,0.25170068027210885,E,MID,N,611.8281707317075,4565.909614395887,13458.140814814813,2274.0228641975314,10128.046586823031,0.49960977181254723,0.3519108427472669,6370.396712018141,22.841269841269842,,0.2799700004403111
37,436,0.002630451701648859,454.02,733.8046437346437,,,,,13.0,13.000688073394496,0.0,0.0,0.0,0.0,E,MID,N,,-627.7497058823528,2157.2674137931035,355.6343349753694,1057.8873333333333,0.2520482959584198,0.0013981365835739601,684.9965366972477,22.706422018348626,,0.0
39,432,0.0026063191172300618,370.96500000000003,475.269837962963,,,,,12.0,11.997453703703705,0.0,0.0,0.0,0.0,E,MID,N,,-63.55681818181818,1499.181087962963,296.2774768518519,94.53714285714285,0.26998580585867454,0.002731943954102447,475.269837962963,22.824074074074073,,0.0
64,415,0.0025037556334501754,2289.22,2303.972298850575,,,,,4.0,4.0,0.0,0.0,0.0,0.0,F,MID,N,-5.68e-14,4157.545,4084.841681415929,787.6624778761063,4057.979534883721,0.14200838699212587,0.0037669874301044753,516.6123453608249,18.35421686746988,,0.0
84,413,0.002491689341240777,0.0,0.1952784503631961,,,,,3.0,3.0,0.0,0.0,0.0,0.0,F,MID,N,,0.0,18.41670854271356,2.5208793969849252,341.27058823529416,0.06690506418603576,0.0021175007502462536,0.1952784503631961,18.19370460048426,,0.0
19,410,0.002473589902926679,1760.02,4416.139414634147,2085.65,2077.2359268292685,0.0,0.0031846243902439023,2.8499999999999996,4.662195121951219,0.0,0.16097560975609757,0.0,0.12682926829268293,F,MID,N,384.50448,2308.9961946902654,10470.551544943823,1566.7891853932585,12113.628255812657,0.43254637560853065,0.16117563005888008,4416.142599258537,21.568292682926828,,0.3368667562139602
114,410,0.002473589902926679,133.73,136.7871707317073,,,,,1.0,1.0,0.0,0.0,0.0,0.0,F,MID,N,,1.0090740740740742,371.5548048780487,81.42407317073172,0.0,0.40535149268094367,0.0,136.7871707317073,19.0,,0.0
77,405,0.002443424172403183,468.72,468.30772839506176,,,,,3.0,3.0,0.0,0.0,0.0,0.0,F,MID,N,,-44.451052631578946,1208.0035555555555,273.19723456790126,284.0273684210526,0.43235945181193075,0.0073282930478972014,468.30772839506176,20.0,,0.0
74,402,0.0024253247340890855,100.505,96.02119402985073,,,,,0.2,0.30945273631840803,0.0,0.0,0.0,0.0,F,MID,N,,-3.7118918918918897,278.09870646766166,32.98850746268657,139.65,0.31567788710132605,0.0026896993258365546,96.02119402985073,18.46766169154229,,0.0
97,399,0.0024072252957749877,82.12,81.62145363408521,,,,,2.0,2.0,0.0,0.0,0.0,0.0,F,MID,N,,1.66675,552.6004761904762,105.97393483709273,55.017500000000126,0.0700704587507083,0.002678033131756418,81.62145363408521,20.0,,0.0
68,398,0.0024011921496702887,5949.51,5928.9597738693465,,,,,3.0,3.0,0.0,0.0,0.0,0.0,F,MID,N,,-115.97560975609755,7970.742562814071,1697.18,584.3883216783216,0.6015507152314395,0.021005726384961083,5928.9597738693465,22.0,,0.0
15,381,0.002298628665890402,3757.35,4736.839921259842,3110.0,3116.538031496063,0.0,0.0,3.0,4.476640419947507,0.0,0.12598425196850394,0.0,0.1942257217847769,F,MID,N,347.97107558139544,2909.2875588235297,10590.0878,1876.285342857143,9636.294385963723,0.4879565577151263,0.3107665030930933,4736.839921259842,21.748031496062993,,0.2636418421335694
8,377,0.002274496081471605,281.74,818.5328116710875,547.2,550.3540053050398,1382.2992708,1392.4012802120874,3.9,7.63819628647215,1.0,1.0106100795755968,0.0,0.021220159151193633,E,MID,Y,1537.3294551282052,671.8931944444445,2202.0521548821544,311.1687878787879,7117.189,0.04940844071833721,0.03624853169157602,2210.934091883175,23.787798408488065,,2.1148603805233788
67,376,0.0022684629353669056,93.67,91.77412234042554,,,,,4.0,4.0,0.0,0.0,0.0,0.0,F,MID,N,,457.215,608.9690691489361,121.07135638297873,63.330000000000005,0.07468872973428048,0.0027190227469088496,91.77412234042554,20.0,,0.0
63,361,0.0021779657437964177,6395.46,6332.452770083103,,,,,4.0,4.0,0.0,0.0,0.0,0.0,F,MID,N,,-102.11612244897958,8641.843407202216,1689.559972299169,521.4068421052631,0.5953544550520079,0.017057900669564578,6332.452770083103,22.0,,0.0
93,356,0.0021478000132729214,796.015,796.4042977528089,,,,,2.0,2.0,0.0,0.0,0.0,0.0,F,MID,N,,-168.6562068965517,1500.0576404494382,330.1737640449438,169.425,0.5257399419726022,0.007227650035429653,796.4042977528089,20.0,,0.0
86,346,0.0020874685522259294,24.79,25.099393063583815,,,,,0.0,0.0,0.0,0.0,0.0,0.0,F,MID,N,,31.333333333333332,181.97115606936418,0.13933526011560404,,0.020166338752243163,0.0,25.099393063583815,19.0,,0.0
66,314,0.0018944078768755542,0.0,0.677484076433121,,,,,4.0,4.0,0.0,0.0,0.0,0.0,F,MID,N,,,5.370265780730898,1.1528571428571424,21.781176470588235,0.08801074583574273,0.002854255521698678,0.677484076433121,18.29299363057325,,0.0
58,308,0.001858209000247359,2317.29,2302.57367816092,,,,,5.0,5.0,0.0,0.0,0.0,0.0,F,MID,N,,-65.58764705882352,3527.3187356321837,738.9147126436782,4061.9247727272723,0.15557505181658027,0.005392576483858478,650.4023051948053,18.564935064935064,,0.0
55,301,0.0018159769775144645,2225.28,2248.7801574803148,,,,,6.0,5.9986710963455145,0.0,0.0,0.0,0.0,F,MID,N,,4.229166666666667,4008.703464566929,806.4217322834645,8406.008048780488,0.21945108341114303,0.006122492139698294,948.8208637873753,19.80730897009967,,0.0
60,292,0.0017616786625721714,108.545,112.56359589041095,,,,,5.0,5.0,0.0,0.0,0.0,0.0,F,MID,N,,68.11800000000001,771.8879794520548,154.72808219178083,206.70999999999998,0.05944044168656207,0.003332822996999596,112.56359589041095,20.0,,0.0
91,287,0.0017315129320486754,1654.5,1638.7473519163764,,,,,2.0,2.0,0.0,0.0,0.0,0.0,F,MID,N,,-72.9635,2493.170592334495,594.5359233449477,283.2867647058824,0.564103470777499,0.008865717477189193,1638.7473519163764,20.0,,0.0
22,285,0.001719446639839277,1105.0,2707.2685614035086,1300.0,1285.9886315789474,0.0,0.0,1.2,3.2361403508771933,0.0,0.08070175438596491,0.0,0.12982456140350876,F,MID,N,145.98350393700787,1304.8366396761135,6215.243359374999,828.758046875,12317.161956520433,0.4908415761253923,0.6195604475207855,2707.2685614035086,20.694736842105264,,0.1688811010684553
42,284,0.0017134134937345777,333.4,937.7454929577464,250.0,250.8487676056338,174.77418921340313,172.38971682122852,2.55,3.8961267605633805,1.0,0.9894366197183099,0.0,0.04929577464788732,E,MID,Y,243.97541176470585,217.31899543378995,1915.0304545454546,447.5082727272727,4920.490625,0.39334581441944777,0.29271611026140393,1110.1352097789752,22.933098591549296,,2.0705515889570183
53,276,0.001665148324896984,2362.3,2339.5533333333333,,,,,7.0,7.001449275362319,0.0,0.0,0.0,0.0,F,MID,N,,-138.3811111111111,3492.356428571428,811.2172619047619,3916.079393939394,0.16807435366264625,0.0032811445153199366,712.0379710144927,19.608695652173914,,0.0
10,271,0.001634982594373488,245.41,467.4352029520295,383.47,385.8977490774908,971.83366,978.6427532385637,4.9,5.623247232472325,1.0,1.007380073800738,0.0,0.0,E,MID,Y,364.7483482142857,412.23759493670883,1579.9186919831227,240.18848101265823,304.16499999999996,0.07062520001755518,0.00031081827053062766,1446.0779561905936,23.527675276752767,,2.1081010859347287
59,267,0.001610850009954691,0.0,0.7681647940074907,,,,,5.0,5.0,0.0,0.0,0.0,0.0,F,MID,N,,0.0,4.933863636363636,0.8155681818181818,284.489,0.07981565014833697,0.0023295880149812732,0.7681647940074907,18.254681647940075,,0.0
107,267,0.001610850009954691,1451.22,1468.9954307116107,,,,,1.0,1.0,0.0,0.0,0.0,0.0,F,MID,N,,34.16023255813953,2030.1571535580522,440.0222471910112,174.48000000000002,0.6061938065744431,0.007375408637929303,1468.9954307116107,19.0,,0.0
18,251,0.0015143196722795036,2518.13,5310.325697211156,2500.0,2494.996374501992,0.0,0.0,3.0,4.484860557768924,0.0,0.17928286852589642,0.0,0.16733067729083664,F,MID,N,456.6997816593886,2300.22919047619,11592.154128440367,2034.0244495412846,9661.382571428496,0.4577768080095251,0.16759865523005285,5310.325697211156,21.641434262948206,,0.3751775716616905
13,245,0.0014781207956513084,4151.47,6560.198734693878,3500.0,3521.4726122448983,0.0,0.004301564081632653,3.0,3.946530612244898,0.0,0.16326530612244897,0.0,0.19591836734693877,F,MID,N,638.4109734513274,3464.514036697248,13122.91125560538,2421.9300896860987,8853.849583333333,0.4946752573217712,0.2320163743634499,6560.203036257959,21.66938775510204,,0.34165830562207455
51,244,0.0014720876495466092,2316.13,2299.5687058823532,,,,,8.0,8.003688524590164,0.0,0.0,0.0,0.0,F,MID,N,,43.69555555555558,3835.722470588236,810.9114117647059,5390.651666666667,0.1841408394164667,0.002960676298380938,801.0792622950821,20.66393442622951,,0.0
3,232,0.0013996898962902184,728.31,1403.3943534482758,1002.465,995.2470689655173,2509.5764148,2498.707182156894,11.45,11.107758620689655,1.0,1.0301724137931034,0.0,0.008620689655172414,E,MID,Y,962.0851724137931,961.156603773585,4849.039718309859,881.7248356807512,1301.268,0.057757405616754035,0.0029497621114422576,3902.1015356051694,24.853448275862068,,2.155797638545321
76,230,0.00138762360408082,5364.155,5341.16052173913,,,,,2.0,2.0,0.0,0.0,0.0,0.0,F,MID,N,,-53.909400000000005,7108.339130434782,1348.7502173913047,768.5689855072465,0.6112518044028873,0.025784981771846,5341.16052173913,22.0,,0.0
62,227,0.0013695241657667224,4357.55,4362.083039647577,,,,,4.0,4.0,0.0,0.0,0.0,0.0,F,MID,N,,-59.891,6126.146519823789,1289.8689427312775,548.8499999999999,0.5878798653651388,0.02262182083590379,4362.083039647577,22.0,,0.0
25,214,0.0012910932664056325,799.975,2560.844205607477,1011.6600000000001,1030.8394859813086,0.0,0.0,3.0,4.726168224299066,0.0,0.14953271028037382,0.0,0.07009345794392523,F,MID,N,53.72701570680628,1229.9956451612904,8008.572461538462,1557.9760512820515,21426.445517241376,0.347277584883318,0.11357765949642723,2560.844205607477,21.5,,0.3129206911304982
83,212,0.001279026974196234,3200.4049999999997,3200.7450000000003,,,,,2.0,2.0,0.0,0.0,0.0,0.0,F,MID,N,,0.0,4445.523254716982,1035.0255660377359,508.5264285714286,0.5921890973142813,0.014388199994021808,3200.7450000000003,20.0,,0.0
40,211,0.0012729938280915348,28.91,564.306587677725,350.0,350.1094786729858,326.424,326.17026635570437,0.6,1.4654028436018958,1.0,1.0,0.0,0.004739336492890996,F,MID,Y,354.1533333333333,516.4709876543209,2652.7462195121952,442.63743902439023,9389.025,0.018716763446728173,0.003915270098785314,890.4768540334295,22.298578199052134,,2.092657121935207
69,211,0.0012729938280915348,4624.49,4616.809052132701,,,,,3.0,3.0,0.0,0.0,0.0,0.0,F,MID,N,,-32.54222222222222,6448.226729857819,1390.971374407583,574.9381967213114,0.5905101113608514,0.021721503204855268,4616.809052132701,22.0,,0.0
117,211,0.0012729938280915348,41.87,41.635402843601895,,,,,1.0,1.0,0.0,0.0,0.0,0.0,F,MID,N,,-131.2692105263158,290.6061137440759,54.1218009478673,,0.04554906790778368,0.0,41.635402843601895,19.0,,0.0
70,208,0.0012548943897774372,3781.705,3756.636971153846,,,,,3.0,3.0,0.0,0.0,0.0,0.0,F,MID,N,0.0,6.318181818181818,5245.199278846155,1113.6314903846153,339.50299999999993,0.5878318072397353,0.01335662402424282,3756.636971153846,21.10576923076923,,0.0
36,205,0.0012367949514633396,195.04,250.49839024390243,,,,,14.0,14.011219512195122,0.0,0.0,0.0,0.0,E,MID,N,,12.424838709677418,1537.7916585365856,247.3199024390244,37.59,0.08391651008135756,0.000729074386825457,250.49839024390243,22.619512195121953,,0.0
2,204,0.0012307618053586404,0.0,-15885.567864583334,11.0,14.348578431372548,,,5.9,6.158333333333333,1.0,0.8627450980392157,0.0,0.058823529411764705,F,MID,Y,-187.49058479532167,209.3558823529412,8479.106178343949,739.7879617834395,58655.719846103086,0.08485395295453252,0.503014115803932,-14951.122696078433,20.225490196078432,,1.8054296738264533
81,204,0.0012307618053586404,4149.46,4128.84475490196,,,,,2.0,2.0,0.0,0.0,0.0,0.0,F,MID,N,,11.067435897435898,5583.06612745098,1184.347794117647,514.0755102040816,0.5962059608916546,0.016264109021328854,4128.84475490196,22.0,,0.0
82,204,0.0012307618053586404,3630.375,3621.571715686275,,,,,2.0,2.0,0.0,0.0,0.0,0.0,F,MID,N,,-75.02272727272727,4816.532254901961,1077.6068137254902,415.52936170212763,0.6005231741085219,0.016127060015962202,3621.571715686275,20.098039215686274,,0.0
35,200,0.0012066292209398435,120.49,183.4377,,,,,15.0,15.0015,0.0,0.0,0.0,0.0,E,MID,N,,21.153181818181817,1214.1973232323232,219.46560606060606,995.5533333333333,0.07246490583441843,0.002173861777019512,183.4377,22.44,,0.0
105,198,0.0011945629287304451,1710.4699999999998,1701.1132828282825,,,,,1.0,1.0,0.0,0.0,0.0,0.0,F,MID,N,,-63.968181818181826,2378.1071717171717,470.1069191919192,384.3930434782609,0.5967904964919024,0.014506967096205995,1701.1132828282825,19.0,,0.0
9,196,0.0011824966365210467,5794.035,5867.760510204081,6040.5,6111.2551530612245,0.0,0.0,2.8499999999999996,4.182142857142857,0.0,0.14795918367346939,0.0,0.32653061224489793,E,MID,N,666.6285474860335,5315.376179775281,13772.570434782609,2528.205869565217,12408.428255812347,0.5311641718734451,0.3608509129229833,5867.760510204081,22.586734693877553,,0.3096278394700051
95,193,0.001164397198206949,400.39,402.71652849740934,,,,,2.0,2.0,0.0,0.0,0.0,0.0,F,MID,N,,32.885555555555555,863.3296373056994,206.1447150259067,233.50571428571428,0.48381792981134986,0.0054812815612848755,402.71652849740934,20.0,,0.0
21,190,0.0011462977598928512,1432.23,6850.249421052632,1672.35,1668.9826842105265,0.0,0.0,1.85,4.004736842105264,0.0,0.10526315789473684,0.0,0.12631578947368421,F,MID,N,248.64319526627222,1697.6033544303796,11540.252530120482,1360.4872289156626,6652.286111110383,0.42055083051026443,0.4161399363170802,6850.249421052632,21.263157894736842,,0.22027969704581124
5,187,0.0011281983215787536,-7324.68,-7408.48588235294,,,,,5.0,5.194652406417112,0.0,0.0,3.0,3.0,F,MID,N,,130.0189830508474,41187.255828877,5044.128823529411,43206.393475934514,0.6558072542042906,1.3692081721182385,-7408.48588235294,12.941176470588236,,0.0
49,185,0.0011161320293693552,2241.435,2271.2466666666664,,,,,9.0,9.006486486486487,0.0,0.0,0.0,0.0,F,MID,N,,0.0,4540.603484848484,875.6028787878787,37224.63687495231,0.1771573586836713,0.0014214658693866313,810.2825945945946,20.713513513513515,,0.0
30,184,0.001110098883264656,153.44,1228.8436956521737,85.0,85.1366847826087,77.09475969691984,70.80434951875432,1.8,5.3836956521739125,1.0,1.0,0.0,0.0,F,MID,Y,520.2858598726115,1179.94375,3092.051310344828,202.44062068965516,360.79,0.42972800040744946,0.0004032104640197891,1299.6480451709283,23.54891304347826,,2.092657121935207
41,179,0.00107993315274116,112.26,477.6194972067039,371.0,370.26687150837984,346.00944,345.2080190932571,2.5,4.572625698324022,1.0,0.9888268156424581,0.0,0.00558659217877095,E,MID,Y,352.58677631578945,332.06248554913293,1700.3529479768786,175.89624277456645,4950.0,0.026945006306524865,0.001691940341691351,822.8275162999611,23.201117318435752,,2.069275478114702
113,179,0.00107993315274116,1020.0,1016.4560893854749,,,,,1.0,1.0,0.0,0.0,0.0,0.0,F,MID,N,,0.0,1294.6277653631284,261.96206703910616,170.67764705882354,0.6355480748208419,0.007147127323227465,1016.4560893854749,19.0,,0.0
102,172,0.0010377011300082655,398.995,391.98418604651164,,,,,1.0,1.0,0.0,0.0,0.0,0.0,F,MID,N,,0.0,702.7645348837209,172.55424418604653,187.368,0.5055306896208625,0.00507736786617802,391.98418604651164,19.0,,0.0
89,167,0.0010075353994847694,4780.38,4792.207245508982,,,,,1.0,1.0,0.0,0.0,0.0,0.0,F,MID,N,,64.42583333333333,6190.824071856287,1134.351856287425,927.7904347826087,0.6190835955092016,0.02716212346288654,4792.207245508982,21.0,,0.0
112,167,0.0010075353994847694,934.99,935.9292215568862,,,,,1.0,1.0,0.0,0.0,0.0,0.0,F,MID,N,,191.66,1187.6560479041918,206.23431137724555,175.90375,0.6473524589803951,0.0037157449021444403,935.9292215568862,19.0,,0.0
47,164,0.0009894359611706716,2289.165,2286.3675806451615,,,,,10.0,10.003048780487806,0.0,0.0,0.0,0.0,F,MID,N,,-2.0333333333333283,3764.1924193548384,848.391129032258,931.1178571428571,0.21228021146584924,0.0020994858399264005,864.3584756097562,21.713414634146343,,0.0
23,163,0.0009834028150659724,1304.72,3360.072147239264,1518.0,1518.612944785276,0.0,0.0,2.0,4.057055214723927,0.0,0.1656441717791411,0.0,0.1165644171779141,F,MID,N,268.8767123287671,1430.5978417266185,9815.359527027025,1163.070608108108,25218.44319999876,0.419140355684948,0.15481032112169066,3360.072147239264,21.282208588957054,,0.3466364557806784
24,163,0.0009834028150659724,1215.46,3345.966319018405,1412.0,1411.7642944785277,0.0,0.0,2.3,5.076073619631902,0.0,0.08588957055214724,0.0,0.1165644171779141,F,MID,N,130.8204794520548,1414.9353103448275,7219.505894039736,1204.9235761589403,8629.740333333333,0.4446944686090505,0.22606665488800884,3345.966319018405,21.503067484662576,,0.17973742151590735
88,162,0.0009773696689612732,37.72,37.165308641975315,,,,,0.0,0.0,0.0,0.0,0.0,0.0,F,MID,N,,288.44,274.61895061728393,0.10499999999999998,,0.007984821478481932,0.0,37.165308641975315,19.0,,0.0
79,161,0.0009713365228565741,5760.31,5897.364285714286,,,,,1.0,1.0,0.0,0.0,0.0,0.0,F,MID,N,,98.48,7575.825217391303,1288.1390683229815,1102.7116666666666,0.6152662923064123,0.03460064066817026,5897.364285714286,21.0,,0.0
32,160,0.0009653033767518749,156.035,209.19093750000002,,,,,17.0,17.018125,0.0,0.0,0.0,0.0,E,MID,N,,12.598571428571429,1417.1806875000002,243.58362500000004,0.0,0.045369892191561914,0.0,209.19093750000002,22.775,,0.0
94,160,0.0009653033767518749,575.01,574.4251874999999,,,,,2.0,2.0,0.0,0.0,0.0,0.0,F,MID,N,,0.0,1322.5839375,303.0916875,114.10916666666667,0.47070347952962077,0.008436183053583141,574.4251874999999,20.0,,0.0
34,158,0.0009532370845424763,161.115,220.02499999999998,,,,,16.0,16.019620253164554,0.0,0.0,0.0,0.0,E,MID,N,,31.116000000000003,1414.1931645569618,216.0593670886076,0.0,0.0620717149094127,0.0,220.02499999999998,22.658227848101266,,0.0
75,158,0.0009532370845424763,59.365,74.66987341772152,,,,,0.1,0.09999999999999998,0.0,0.0,0.0,0.0,F,MID,N,,-2295.6685714285713,289.6953797468354,17.450443037974683,0.0,0.3322587087508414,0.0,74.66987341772152,18.645569620253166,,0.0
20,155,0.0009351376462283787,1551.25,3259.0224516129033,1820.0,1812.7603870967741,0.0,0.0008907974193548386,2.0,3.876774193548387,0.0,0.10967741935483871,0.0,0.12903225806451613,F,MID,N,202.1111888111888,1973.3416911764705,6586.284642857143,1137.6057142857142,5185.667741932639,0.46915411210414076,0.15043768238546917,3259.023342410322,21.225806451612904,,0.22951723272837754
57,155,0.0009351376462283787,4090.96,4079.473870967742,,,,,5.0,5.0,0.0,0.0,0.0,0.0,F,MID,N,,-39.439499999999995,6410.5381290322575,1268.4383870967742,761.1058823529411,0.5499656710048102,0.018899006474912265,4079.473870967742,21.81935483870968,,0.0
26,154,0.0009291045001236795,520.12,1423.9482467532468,750.0,742.4284415584415,0.0,0.0,2.0,4.820129870129871,0.0,0.2012987012987013,0.0,0.032467532467532464,F,MID,N,141.81434782608693,984.9362204724409,3831.309097744361,664.0515789473684,5149.254444444445,0.25937371566192935,0.03630430316103672,1423.9482467532468,21.142857142857142,,0.4212491609090352
72,154,0.0009291045001236795,1752.44,1752.7179220779221,,,,,3.0,3.0,0.0,0.0,0.0,0.0,F,MID,N,,-46.88727272727272,2941.9647402597398,696.5377922077922,607.4459999999999,0.5526970475689621,0.02275812913389445,1752.7179220779221,20.0,,0.0
44,149,0.0008989387696001834,2290.18,2315.4869565217386,,,,,11.0,11.000671140939597,0.0,0.0,0.0,0.0,F,MID,N,,-4.467142857142856,4624.865507246376,919.4408695652173,9097.539999999999,0.23329279935344133,0.0044455473562497305,1072.2724832214763,21.926174496644297,,0.0
65,148,0.0008929056234954842,7861.344999999999,7956.749256756756,,,,,2.0,2.0,0.0,0.0,0.0,0.0,F,MID,N,,98.36423076923077,10454.730405405406,1867.3038513513516,759.4325862068965,0.6112482716199986,0.025018394526503573,7956.749256756756,22.0,,0.0
115,148,0.0008929056234954842,33.5,33.56682432432433,,,,,1.0,1.0,0.0,0.0,0.0,0.0,F,MID,N,,-154.53,240.6900675675676,41.64412162162162,,0.029266771405052662,0.0,33.56682432432433,19.0,,0.0
110,147,0.0008868724773907849,1104.99,1100.8478231292518,,,,,1.0,1.0,0.0,0.0,0.0,0.0,F,MID,N,,2.3156666666666683,1449.1444217687074,290.5906122448979,176.23333333333335,0.624023993282771,0.003251374528855781,1100.8478231292518,19.0,,0.0
101,146,0.0008808393312860857,2452.98,2457.3250684931504,,,,,1.0,1.0,0.0,0.0,0.0,0.0,F,MID,N,,-6.7,3269.1586301369866,673.5398630136987,742.4778260869564,0.6089861415590504,0.01933333944465025,2457.3250684931504,19.0,,0.0
106,145,0.0008748061851813865,1854.21,1853.0724137931034,,,,,1.0,1.0,0.0,0.0,0.0,0.0,F,MID,N,,-249.65,2552.137103448276,560.7622758620689,269.11607142857144,0.5957948281937384,0.014965584207824349,1853.0724137931034,19.0,,0.0
4,144,0.0008687730390766873,8505.900000000001,11072.990416666667,6951.0,6959.590972222221,0.0,0.0,3.0,4.572222222222222,0.0,0.1388888888888889,0.0,0.2708333333333333,E,MID,N,755.535859375,6502.194393939393,17370.146058394163,2891.350291970803,8137.127424239594,0.5411793539647353,0.17650624532085002,11072.990416666667,23.229166666666668,,0.290646822491001
78,142,0.0008567067468672889,4525.59,4534.236267605635,,,,,2.0,2.0,0.0,0.0,0.0,0.0,F,MID,N,,-106.71875,6100.7476760563395,1235.9447183098594,320.868947368421,0.6030404493916444,0.012306134934242154,4534.236267605635,22.0,,0.0
17,134,0.0008084415780296951,2297.155,3467.5773880597017,2780.0,2778.334701492537,0.0,0.0,3.0,4.622388059701493,0.0,0.13432835820895522,0.0,0.20149253731343283,F,MID,N,523.6583064516129,2841.3574336283186,12398.86245762712,2492.5518644067797,14498.19307692097,0.4522677641359193,0.25074546650123825,3467.5773880597017,21.46268656716418,,0.2811031954838338
98,133,0.0008024084319249959,37.44,37.1321052631579,,,,,2.0,2.0,0.0,0.0,0.0,0.0,F,MID,N,,-107.59333333333332,258.39082706766914,47.814586466165416,,0.04850950291787325,0.0,37.1321052631579,20.0,,0.0
99,133,0.0008024084319249959,767.06,766.6918045112781,,,,,1.0,1.0,0.0,0.0,0.0,0.0,F,MID,N,,101.34,1099.2145864661654,263.6504511278196,164.99571428571429,0.5574261462246085,0.005976982851521304,766.6918045112781,19.0,,0.0
1,132,0.0007963752858202967,11127.415,16255.884621212117,11009.0,11027.022424242425,0.0,0.0,3.0,4.503030303030303,0.0,0.12121212121212122,0.0,0.42424242424242425,E,MID,N,530.0305833333333,11170.965619834711,30321.474538461538,4385.247153846154,18806.059428569406,0.5571110820816658,4250.948040226529,16255.884621212117,23.310606060606062,,0.25365540871941905
87,130,0.0007843089936108983,49.58,49.20384615384615,,,,,0.0,0.0,0.0,0.0,0.0,0.0,F,MID,N,,379.5,360.1119230769231,0.6462307692307692,,0.014367582704228225,0.0,49.20384615384615,19.0,,0.0
12,129,0.000778275847506199,3199.95,4708.417674418604,3997.0,3989.6697674418606,0.0,0.0,2.6,3.830232558139535,0.0,0.17054263565891473,0.0,0.24031007751937986,F,MID,N,758.4930833333333,3757.046481481482,11433.424473684212,2289.5787719298246,9930.076976741082,0.4879641016421564,0.36894041734353955,4708.417674418604,21.27906976744186,,0.3568872611052291
28,125,0.0007541432630874022,400.07,2168.8488000000007,620.66,621.57752,0.0,0.011708250530177584,5.1,6.580000000000001,0.0,0.04,0.0,0.072,F,MID,N,23.233728813559317,675.2188034188033,5510.48256198347,918.1871900826446,12752.860769230769,0.21800575127514787,0.37618097901501274,2168.860508250531,21.904,,0.08370628487740828
104,122,0.0007360438247733046,2001.27,2001.2936065573772,,,,,1.0,1.0,0.0,0.0,0.0,0.0,F,MID,N,,-5.642857142857143,2717.308524590164,585.8940983606558,278.2758823529412,0.603226753211191,0.011063273656358398,2001.2936065573772,19.0,,0.0
33,120,0.0007239775325639061,217.2,268.25391666666667,,,,,18.0,17.99083333333333,0.0,0.0,0.0,0.0,E,MID,N,,-124.29625,1928.4245,292.36633333333333,,0.02526850637439736,0.0,268.25391666666667,22.816666666666666,,0.0
103,119,0.0007179443864592068,300.01,301.31563025210085,,,,,1.0,1.0,0.0,0.0,0.0,0.0,F,MID,N,,-9.22e-15,555.1003361344538,157.15210084033615,-293.64,0.48514185688182837,0.0,301.31563025210085,19.0,,0.0
108,119,0.0007179443864592068,1317.45,1317.8259663865547,,,,,1.0,1.0,0.0,0.0,0.0,0.0,F,MID,N,,-102.85714285714286,1796.2474789915968,389.95369747899156,103.93583333333333,0.6107057999755621,0.005110532516460528,1317.8259663865547,19.0,,0.0
109,119,0.0007179443864592068,1190.04,1190.7870588235296,,,,,1.0,1.0,0.0,0.0,0.0,0.0,F,MID,N,,282.10692307692307,1697.7388235294122,367.11193277310923,450.48454545454547,0.6102262979471932,0.015959497405195148,1190.7870588235296,19.0,,0.0
116,114,0.0006877786559357108,50.25,50.115175438596495,,,,,1.0,1.0,0.0,0.0,0.0,0.0,F,MID,N,,-34.61208333333334,347.04131578947363,65.62868421052632,130.84,0.049158812986738396,0.005401031991744066,50.115175438596495,19.0,,0.0
14,113,0.0006817455098310116,1222.5,2462.05221238938,1535.0,1527.5021238938054,640.3691540023053,642.2089714054194,1.9,5.337168141592921,1.0,1.0176991150442478,0.0,0.017699115044247787,F,MID,Y,1483.0601000000001,1497.6130769230767,4951.663260869566,891.9020652173912,4371.283333333334,0.3510831988724088,0.10309664607672576,3104.2611837948007,23.442477876106196,,2.1296953010845026
73,112,0.0006757123637263124,1314.2150000000001,1318.825,,,,,3.0,3.0,0.0,0.0,0.0,0.0,F,MID,N,,-78.46727272727273,2122.058035714286,536.0358035714287,239.465,0.5376796065377365,0.008415150264406495,1318.825,20.0,,0.0
90,112,0.0006757123637263124,1157.22,1157.6853571428571,,,,,2.0,2.0,0.0,0.0,0.0,0.0,F,MID,N,,-62.07142857142857,1769.8991964285713,398.86857142857144,232.75947368421058,0.5756029865935146,0.019578113875128193,1157.6853571428571,20.0,,0.0
0,110,0.000663646071516914,13865.1,18064.944181818184,13750.0,13737.181545454545,0.0,0.0,3.05,4.780909090909092,0.0,0.10909090909090909,0.0,0.45454545454545453,E,MID,N,266.52557894736844,12366.534019607843,40625.34817307692,6057.46576923077,24745.199130411733,0.5501367253895446,0.4355885532777301,18064.944181818184,23.2,,0.22828986784747712
31,105,0.0006334803409934178,209.79,221.18771428571426,,,,,19.0,19.00761904761905,0.0,0.0,0.0,0.0,E,MID,N,,-198.25750000000002,1565.7748571428574,253.3272380952381,-98.68,0.024452428349152826,0.0,221.18771428571426,22.676190476190477,,0.0
38,105,0.0006334803409934178,2345.02,2292.367966101695,,,,,12.0,12.001904761904763,0.0,0.0,0.0,0.0,E,MID,N,,-78.252,4048.6340677966105,836.1325423728812,1375.9036363636365,0.3127266033210961,0.0058854146874682,1288.0924761904762,22.123809523809523,,0.0
